"gi.rank","country","gii","abr","repre_parl","sedu_f","sedu_m","lab_f","lab_m","NA.x","sedu_rat","lab_rat","hdi.rank","hdi","liexp","edu","gni","gni-hdi","NA.y"
1,"Norway",0.067,4,7.8,39.6,97.4,96.7,61.2,68.7,0.406570841889117,1.58006535947712,1,0.944,81.6,17.5,12.6,"64,992",5
2,"Australia",0.11,6,12.1,30.5,94.3,94.6,58.8,71.8,0.323435843054083,1.60884353741497,2,0.935,82.4,20.2,13,"42,261",17
3,"Switzerland",0.028,6,1.9,28.5,95,96.6,61.8,74.9,0.3,1.5631067961165,3,0.93,83,15.8,12.8,"56,431",6
4,"Denmark",0.048,5,5.1,38,95.5,96.6,58.7,66.4,0.397905759162304,1.64565587734242,4,0.923,80.2,18.7,12.7,"44,025",11
5,"Netherlands",0.062,6,6.2,36.9,87.7,90.5,58.5,70.6,0.420752565564424,1.54700854700855,5,0.922,81.6,17.9,11.9,"45,435",9
6,"Germany",0.041,7,3.8,36.9,96.3,97,53.6,66.4,0.383177570093458,1.80970149253731,6,0.916,80.9,16.5,13.1,"43,919",11
6,"Ireland",0.113,9,8.2,19.9,80.5,78.6,53.1,68.1,0.247204968944099,1.48022598870056,6,0.916,80.9,18.6,12.2,"39,568",16
8,"United States",0.28,28,31,19.4,95.1,94.8,56.3,68.9,0.203995793901157,1.68383658969805,8,0.915,79.1,16.5,12.9,"52,947",3
9,"Canada",0.129,11,14.5,28.2,100,100,61.6,71,0.282,1.62337662337662,9,0.913,82,15.9,13,"42,155",11
9,"New Zealand",0.157,8,25.3,31.4,95,95.3,62,73.8,0.330526315789474,1.53709677419355,9,0.913,81.8,19.2,12.5,"32,689",23
11,"Singapore",0.088,6,6,25.3,74.1,81,58.8,77.2,0.341430499325236,1.37755102040816,11,0.912,83,15.4,10.6,"76,628",-7
12,"Hong Kong, China (SAR)",NA,NA,3.3,NA,72.2,79.2,51.3,67.8,NA,1.54385964912281,12,0.91,84,15.6,11.2,"53,959",-2
13,"Liechtenstein",NA,NA,NA,20,NA,NA,NA,NA,NA,NA,13,0.908,80,15,11.8,"79,851",-10
14,"Sweden",0.055,4,6.5,43.6,86.5,87.3,60.3,67.9,0.504046242774566,1.44776119402985,14,0.907,82.2,15.8,12.1,"45,636",-1
14,"United Kingdom",0.177,8,25.8,23.5,99.8,99.9,55.7,68.7,0.235470941883768,1.7935368043088,14,0.907,80.7,16.2,13.1,"39,267",9
16,"Iceland",0.087,4,11.5,41.3,91,91.6,70.5,77.4,0.453846153846154,1.29929078014184,16,0.899,82.6,19,10.6,"35,182",12
17,"Korea (Republic of)",0.125,27,2.2,16.3,77,89.1,50.1,72.1,0.211688311688312,1.77844311377246,17,0.898,81.9,16.9,11.9,"33,890",13
18,"Israel",0.101,2,7.8,22.5,84.4,87.3,57.9,69.1,0.266587677725118,1.50777202072539,18,0.894,82.4,16,12.5,"30,676",16
19,"Luxembourg",0.1,11,8.3,28.3,100,100,50.7,64.6,0.283,1.9723865877712,19,0.892,81.7,13.9,11.7,"58,711",-11
20,"Japan",0.133,6,5.4,11.6,87,85.8,48.8,70.4,0.133333333333333,1.75819672131148,20,0.891,83.5,15.3,11.5,"36,927",7
21,"Belgium",0.063,6,6.7,42.4,77.5,82.9,47.5,59.3,0.547096774193548,1.74526315789474,21,0.89,80.8,16.3,11.3,"41,187",0
22,"France",0.088,12,5.7,25.7,78,83.2,50.7,61.6,0.329487179487179,1.64102564102564,22,0.888,82.2,16,11.1,"38,056",4
23,"Austria",0.053,4,4.1,30.3,100,100,54.6,67.7,0.303,1.83150183150183,23,0.885,81.4,15.7,10.8,"43,869",-5
24,"Finland",0.075,4,9.2,42.5,100,100,55.7,64,0.425,1.79533213644524,24,0.883,80.8,17.1,10.3,"38,695",0
25,"Slovenia",0.016,7,0.6,27.7,95.8,98,52.3,63.2,0.289144050104384,1.87380497131931,25,0.88,80.4,16.8,11.9,"27,852",12
26,"Spain",0.095,4,10.6,38,66.8,73.1,52.5,65.8,0.568862275449102,1.39238095238095,26,0.876,82.6,17.3,9.6,"32,045",7
27,"Italy",0.068,4,4,30.1,71.2,80.5,39.6,59.5,0.422752808988764,2.03282828282828,27,0.873,83.1,16,10.1,"33,030",4
28,"Czech Republic",0.091,5,4.9,18.9,99.9,99.7,51.1,68.3,0.189189189189189,1.95107632093933,28,0.87,78.6,16.4,12.3,"26,660",10
29,"Greece",0.146,5,11.9,21,59.5,67,44.2,62.5,0.352941176470588,1.5158371040724,29,0.865,80.9,17.6,10.3,"24,524",14
30,"Estonia",0.164,11,16.8,19.8,100,100,56.2,68.9,0.198,1.77935943060498,30,0.861,76.8,16.5,12.5,"25,214",12
31,"Brunei Darussalam",NA,27,23,NA,63.9,67.8,52.6,75.3,NA,1.28897338403042,31,0.856,78.8,14.5,8.8,"72,570",-26
32,"Cyprus",0.124,10,5.5,12.5,76,81.7,56,71.1,0.164473684210526,1.45892857142857,32,0.85,80.2,14,11.6,"28,633",3
32,"Qatar",0.524,6,9.5,0,66.7,59,50.8,95.5,0,1.16141732283465,32,0.85,78.2,13.8,9.1,"123,124",-31
34,"Andorra",NA,NA,NA,50,49.5,49.3,NA,NA,1.01010101010101,NA,34,0.845,81.3,13.5,9.6,"43,978",-18
35,"Slovakia",0.164,7,15.9,18.7,99.1,99.5,51.1,68.6,0.188698284561049,1.94716242661448,35,0.844,76.3,15.1,12.2,"25,845",5
36,"Poland",0.138,3,12.2,22.1,79.4,85.5,48.9,64.9,0.278337531486146,1.74846625766871,36,0.843,77.4,15.5,11.8,"23,177",10
37,"Lithuania",0.125,11,10.6,23.4,89.1,94.3,55.8,67.3,0.262626262626263,1.68996415770609,37,0.839,73.3,16.4,12.4,"24,500",7
37,"Malta",0.227,9,18.2,13,68.6,78.2,37.9,66.3,0.189504373177843,2.06332453825858,37,0.839,80.6,14.4,10.3,"27,930",-1
39,"Saudi Arabia",0.284,16,10.2,19.9,60.5,70.3,20.2,78.3,0.328925619834711,3.48019801980198,39,0.837,74.3,16.3,8.7,"52,821",-27
40,"Argentina",0.376,69,54.4,36.8,56.3,57.6,47.5,75,0.653641207815275,1.21263157894737,40,0.836,76.3,17.9,9.8,"22,050",11
41,"United Arab Emirates",0.232,8,27.6,17.5,73.1,61.2,46.5,92,0.239398084815321,1.31612903225806,41,0.835,77,13.3,9.5,"60,868",-34
42,"Chile",0.338,22,55.3,15.8,73.3,76.4,49.2,74.8,0.215552523874488,1.55284552845528,42,0.832,81.7,15.2,9.8,"21,290",11
43,"Portugal",0.111,8,12.6,31.3,47.7,48.2,54.9,66.2,0.656184486373166,0.877959927140255,43,0.83,80.9,16.3,8.2,"25,757",-2
44,"Hungary",0.209,14,12.1,10.1,97.9,98.7,44.8,60,0.103166496424923,2.203125,44,0.828,75.2,15.4,11.6,"22,916",3
45,"Bahrain",0.265,22,13.8,15,56.7,51.4,39.2,86.9,0.264550264550265,1.31122448979592,45,0.824,76.6,14.4,9.4,"38,599",-20
46,"Latvia",0.167,13,13.5,18,98.9,99,54.9,67.6,0.182002022244692,1.80327868852459,46,0.819,74.2,15.2,11.5,"22,281",4
47,"Croatia",0.149,13,12.7,25.8,85,93.6,44.7,58.4,0.303529411764706,2.09395973154362,47,0.818,77.3,14.8,11,"19,409",11
48,"Kuwait",0.387,14,14.5,1.5,55.6,56.3,43.6,83.1,0.026978417266187,1.29128440366972,48,0.816,74.4,14.7,7.2,"83,961",-46
49,"Montenegro",0.171,7,15.2,17.3,84.2,94.7,43,57.3,0.205463182897862,2.20232558139535,49,0.802,76.2,15.2,11.2,"14,558",27
50,"Belarus",0.151,1,20.6,30.1,87,92.2,50.1,63.1,0.345977011494253,1.84031936127745,50,0.798,71.3,15.7,12,"16,676",14
50,"Russian Federation",0.276,24,25.7,14.5,89.6,92.5,57.1,71.7,0.161830357142857,1.6199649737303,50,0.798,70.1,14.7,12,"22,352",-1
52,"Oman",0.275,11,10.6,9.6,47.2,57.1,29,82.6,0.203389830508475,1.96896551724138,52,0.793,76.8,13.6,8,"34,858",-23
52,"Romania",0.333,33,31,12,86.1,92,48.7,64.9,0.139372822299652,1.88911704312115,52,0.793,74.7,14.2,10.8,"18,108",10
52,"Uruguay",0.313,14,58.3,11.5,54.4,50.3,55.6,76.8,0.211397058823529,0.904676258992806,52,0.793,77.2,15.5,8.5,"19,283",7
55,"Bahamas",0.298,37,28.5,16.7,91.2,87.6,69.3,79.3,0.183114035087719,1.26406926406926,55,0.79,75.4,12.6,10.9,"21,336",-3
56,"Kazakhstan",0.267,26,29.9,20.1,95.3,98.8,67.7,77.9,0.210912906610703,1.45937961595273,56,0.788,69.4,15,11.4,"20,867",-1
57,"Barbados",0.357,52,48.4,19.6,89.5,87.7,65.9,76.6,0.218994413407821,1.33080424886191,57,0.785,75.6,15.4,10.5,"12,488",27
58,"Antigua and Barbuda",NA,NA,49.3,25.7,NA,NA,NA,NA,NA,NA,58,0.783,76.1,14,9.2,"20,070",-1
59,"Bulgaria",0.212,5,35.9,20.4,93,95.7,47.9,59,0.219354838709677,1.99791231732777,59,0.782,74.2,14.4,10.6,"15,596",13
60,"Palau",NA,NA,NA,10.3,NA,NA,NA,NA,NA,NA,60,0.78,72.7,13.7,12.3,"13,496",18
60,"Panama",0.454,85,78.5,19.3,54,49.9,49,81.8,0.357407407407407,1.01836734693878,60,0.78,77.6,13.3,9.3,"18,192",1
62,"Malaysia",0.209,29,5.7,14.2,65.1,71.3,44.4,75.5,0.218125960061444,1.60585585585586,62,0.779,74.7,12.7,10,"22,762",-14
63,"Mauritius",0.419,73,30.9,11.6,49.4,58,43.6,74.2,0.234817813765182,1.3302752293578,63,0.777,74.4,15.6,8.5,"17,470",0
64,"Seychelles",NA,NA,56.3,43.8,66.9,66.6,NA,NA,0.654708520179372,NA,64,0.772,73.1,13.4,9.4,"23,300",-19
64,"Trinidad and Tobago",0.371,84,34.8,24.7,59.7,60.9,53,75.5,0.413735343383585,1.14905660377358,64,0.772,70.4,12.3,10.9,"26,090",-25
66,"Serbia",0.176,16,16.9,34,58.4,73.6,44.5,60.9,0.582191780821918,1.65393258426966,66,0.771,74.9,14.4,10.5,"12,190",20
67,"Cuba",0.356,80,43.1,48.9,74.3,78.8,43.4,70,0.65814266487214,1.81566820276498,67,0.769,79.4,13.8,11.5,"7,301",47
67,"Lebanon",0.385,16,12,3.1,53,55.4,23.3,70.9,0.0584905660377358,2.37768240343348,67,0.769,79.3,13.8,7.9,"16,509",-1
69,"Costa Rica",0.349,38,60.8,33.3,50.7,50.5,46.6,79,0.656804733727811,1.08369098712446,69,0.766,79.4,13.9,8.4,"13,413",10
69,"Iran (Islamic Republic of)",0.515,23,31.6,3.1,62.2,67.6,16.6,73.6,0.0498392282958199,4.07228915662651,69,0.766,75.4,15.1,8.2,"15,440",4
71,"Venezuela (Bolivarian Republic of)",0.476,110,83.2,17,56.6,50.8,51.1,79.2,0.300353356890459,0.99412915851272,71,0.762,74.2,14.2,8.9,"16,159",-2
72,"Turkey",0.359,20,30.9,14.4,39,60,29.4,70.8,0.369230769230769,2.04081632653061,72,0.761,75.3,14.5,7.6,"18,677",-12
73,"Sri Lanka",0.37,29,16.9,5.8,72.7,76.4,35.1,76.3,0.0797799174690509,2.17663817663818,73,0.757,74.9,13.7,10.8,"9,779",29
74,"Mexico",0.373,49,63.4,37.1,55.7,60.6,45.1,79.9,0.666068222621185,1.34368070953437,74,0.756,76.8,13.1,8.5,"16,056",-4
75,"Brazil",0.457,69,70.8,9.6,54.6,52.4,59.4,80.8,0.175824175824176,0.882154882154882,75,0.755,74.5,15.2,7.7,"15,175",-1
76,"Georgia",0.382,41,46.8,11.3,89.7,92.7,56.5,75.1,0.125975473801561,1.64070796460177,76,0.754,74.9,13.8,12.1,"7,164",40
77,"Saint Kitts and Nevis",NA,NA,NA,6.7,NA,NA,NA,NA,NA,NA,77,0.752,73.8,12.9,8.4,"20,805",-21
78,"Azerbaijan",0.303,26,40,15.6,93.7,97.4,62.9,69.6,0.166488794023479,1.54848966613673,78,0.751,70.8,11.9,11.2,"16,428",-11
79,"Grenada",NA,23,35.4,25,NA,NA,NA,NA,NA,NA,79,0.75,73.4,15.8,8.6,"10,939",14
80,"Jordan",0.473,50,26.5,11.6,69.5,78.5,15.6,66.6,0.166906474820144,5.03205128205128,80,0.748,74,13.5,9.9,"11,365",11
81,"The former Yugoslav Republic of Macedonia",0.164,7,18.3,33.3,40.2,55.6,43.1,67.5,0.828358208955224,1.29002320185615,81,0.747,75.4,13.4,9.3,"11,780",9
81,"Ukraine",0.286,23,25.7,11.8,91.7,95.9,53.2,66.9,0.128680479825518,1.80263157894737,81,0.747,71,15.1,11.3,"8,178",25
83,"Algeria",0.413,89,10,25.7,26.7,31,15.2,72.2,0.962546816479401,2.03947368421053,83,0.736,74.8,14,7.6,"13,054",-1
84,"Peru",0.406,89,50.7,22.3,56.3,66.1,68.2,84.4,0.396092362344583,0.969208211143695,84,0.734,74.6,13.1,9,"11,015",8
85,"Albania",0.217,21,15.3,20.7,81.8,87.9,44.9,65.5,0.253056234718826,1.95768374164811,85,0.733,77.8,11.8,9.3,"9,943",14
85,"Armenia",0.318,29,27.1,10.7,94,95,54.2,72.6,0.113829787234043,1.75276752767528,85,0.733,74.7,12.3,10.9,"8,124",22
85,"Bosnia and Herzegovina",0.201,8,15.1,19.3,44.9,69.8,34.1,57.3,0.429844097995546,2.04692082111437,85,0.733,76.5,13.6,8.3,"9,638",19
88,"Ecuador",0.407,87,77,41.6,40.1,39.4,54.7,82.7,1.03740648379052,0.720292504570384,88,0.732,75.9,14.2,7.6,"10,605",7
89,"Saint Lucia",NA,34,56.3,20.7,NA,NA,62.7,76.2,NA,NA,89,0.729,75.1,12.6,9.3,"9,765",14
90,"China",0.191,32,8.6,23.6,58.7,71.9,63.9,78.3,0.402044293015332,1.12519561815336,90,0.727,75.8,13.1,7.5,"12,547",-7
90,"Fiji",0.418,59,42.8,14,64.2,64.5,37.5,72,0.218068535825545,1.72,90,0.727,70,15.7,9.9,"7,493",21
90,"Mongolia",0.325,68,18.7,14.9,85.3,84.1,56.6,69.3,0.174677608440797,1.48586572438163,90,0.727,69.4,14.6,9.3,"10,729",4
93,"Thailand",0.38,26,41,6.1,35.7,40.8,64.3,80.7,0.170868347338936,0.63452566096423,93,0.726,74.4,13.5,7.3,"13,323",-13
94,"Dominica",NA,NA,NA,21.9,29.7,23.2,NA,NA,0.737373737373737,NA,94,0.724,77.8,12.7,7.9,"9,994",4
94,"Libya",0.134,15,2.5,16,55.5,41.9,30,76.4,0.288288288288288,1.39666666666667,94,0.724,71.6,14,7.3,"14,911",-19
96,"Tunisia",0.24,46,4.6,31.3,32.8,46.1,25.1,70.9,0.954268292682927,1.83665338645418,96,0.721,74.8,14.6,6.8,"10,404",1
97,"Colombia",0.429,83,68.5,20.9,56.9,55.6,55.8,79.7,0.367311072056239,0.996415770609319,97,0.72,74,13.5,7.3,"12,040",-9
97,"Saint Vincent and the Grenadines",NA,45,54.5,13,NA,NA,55.7,78,NA,NA,97,0.72,72.9,13.4,8.6,"9,937",3
99,"Jamaica",0.43,80,70.1,16.7,74,70.2,56.1,70.9,0.225675675675676,1.25133689839572,99,0.719,75.7,12.4,9.7,"7,415",13
100,"Tonga",0.666,120,18.1,0,87.5,88.3,53.5,74.6,0,1.65046728971963,100,0.717,72.8,14.7,10.7,"5,069",32
101,"Belize",0.426,45,71.4,13.3,76.4,75.8,49.2,82.3,0.174083769633508,1.54065040650406,101,0.715,70,13.6,10.5,"7,614",9
101,"Dominican Republic",0.477,100,99.6,19.1,55.6,53.1,51.3,78.6,0.343525179856115,1.03508771929825,101,0.715,73.5,13.1,7.6,"11,883",-12
103,"Suriname",0.463,130,35.2,11.8,44.6,47.1,40.5,68.8,0.26457399103139,1.16296296296296,103,0.714,71.1,12.7,7.7,"15,617",-32
104,"Maldives",0.243,31,4.2,5.9,27.3,32.7,56.2,77.5,0.216117216117216,0.581850533807829,104,0.706,76.8,13,5.8,"12,328",-19
105,"Samoa",0.457,58,28.3,6.1,64.3,60,23.5,58.4,0.0948678071539658,2.5531914893617,105,0.702,73.4,12.9,10.3,"5,327",24
106,"Botswana",0.48,170,44.2,9.5,73.6,77.9,71.9,81.6,0.129076086956522,1.08344923504868,106,0.698,64.5,12.5,8.9,"16,646",-41
107,"Moldova (Republic of)",0.248,21,29.3,20.8,93.6,96.6,37.6,44.2,0.222222222222222,2.56914893617021,107,0.693,71.6,11.9,11.2,"5,223",23
108,"Egypt",0.573,45,43,2.2,43.9,60.6,23.7,74.8,0.0501138952164009,2.55696202531646,108,0.69,71.1,13.5,6.6,"10,512",-12
109,"Turkmenistan",NA,61,18,25.8,NA,NA,46.9,76.9,NA,NA,109,0.688,65.6,10.8,9.9,"13,066",-28
110,"Gabon",0.514,240,103,16.2,53.9,36.1,56.2,65.4,0.300556586270872,0.642348754448399,110,0.684,64.4,12.5,7.8,"16,367",-42
110,"Indonesia",0.494,190,48.3,17.1,39.9,49.2,51.4,84.2,0.428571428571429,0.957198443579767,110,0.684,68.9,13,7.6,"9,788",-9
112,"Paraguay",0.472,110,67,16.8,36.8,43,55.7,84.8,0.456521739130435,0.771992818671454,112,0.679,72.9,11.9,7.7,"7,643",-3
113,"Palestine, State of",NA,NA,45.8,NA,53.9,59.4,15.4,66.4,NA,3.85714285714286,113,0.677,72.9,13,8.9,"4,699",21
114,"Uzbekistan",NA,36,38.8,16.4,NA,NA,48.1,75.6,NA,NA,114,0.675,68.4,11.5,10.9,"5,567",10
115,"Philippines",0.42,120,46.8,27.1,65.9,63.7,51.1,79.7,0.411229135053111,1.24657534246575,115,0.668,68.2,11.3,8.9,"7,915",-7
116,"El Salvador",0.427,69,76,27.4,36.8,43.6,47.8,79,0.744565217391304,0.912133891213389,116,0.666,73,12.3,6.5,"7,349",-3
116,"South Africa",0.407,140,50.9,40.7,72.7,75.9,44.5,60.5,0.559834938101788,1.70561797752809,116,0.666,57.4,13.6,9.9,"12,122",-29
116,"Viet Nam",0.308,49,29,24.3,59.4,71.2,73,82.2,0.409090909090909,0.975342465753425,116,0.666,75.8,11.9,7.5,"5,092",15
119,"Bolivia (Plurinational State of)",0.444,200,71.9,51.8,47.6,59.1,64.2,80.9,1.08823529411765,0.920560747663551,119,0.662,68.3,13.2,8.2,"5,760",4
120,"Kyrgyzstan",0.353,75,29.3,23.3,94.5,96.8,56,79.5,0.246560846560847,1.72857142857143,120,0.655,70.6,12.5,10.6,"3,044",29
121,"Iraq",0.539,67,68.7,26.5,27.8,50.2,14.9,69.8,0.953237410071942,3.36912751677852,121,0.654,69.4,10.1,6.4,"14,003",-44
122,"Cabo Verde",NA,53,70.6,20.8,NA,NA,51.5,83.7,NA,NA,122,0.646,73.3,13.5,4.7,"6,094",-1
123,"Micronesia (Federated States of)",NA,96,18.6,0,NA,NA,NA,NA,NA,NA,123,0.64,69.1,11.7,9.7,"3,432",21
124,"Guyana",0.515,250,88.5,31.3,60.3,47.8,42.6,80.5,0.519071310116086,1.12206572769953,124,0.636,66.4,10.3,8.5,"6,522",-4
125,"Nicaragua",0.449,100,100.8,39.1,39.4,38.3,47.4,80.3,0.99238578680203,0.808016877637131,125,0.631,74.9,11.5,6,"4,457",12
126,"Morocco",0.525,120,35.8,11,20.7,30.2,26.5,75.8,0.531400966183575,1.13962264150943,126,0.628,74,11.6,4.4,"6,850",-8
126,"Namibia",0.401,130,54.9,37.7,33.3,34.4,54.7,63.7,1.13213213213213,0.628884826325411,126,0.628,64.8,11.3,6.2,"9,418",-21
128,"Guatemala",0.533,140,97.2,13.3,21.9,23.2,49.3,88.2,0.607305936073059,0.470588235294118,128,0.627,71.8,10.7,5.6,"6,929",-11
129,"Tajikistan",0.357,44,42.8,15.2,95.1,91.2,58.9,77.1,0.159831756046267,1.54838709677419,129,0.624,69.4,11.2,10.4,"2,517",27
130,"India",0.563,190,32.8,12.2,27,56.6,27,79.9,0.451851851851852,2.0962962962963,130,0.609,68,11.7,5.4,"5,497",-4
131,"Honduras",0.48,120,84,25.8,28,25.8,42.8,82.9,0.921428571428571,0.602803738317757,131,0.606,73.1,11.1,5.5,"3,938",7
132,"Bhutan",0.457,120,40.9,8.3,34,34.5,66.7,77.2,0.244117647058824,0.517241379310345,132,0.605,69.5,12.6,3,"7,176",-17
133,"Timor-Leste",NA,270,52.2,38.5,NA,NA,24.6,50.8,NA,NA,133,0.595,68.2,11.7,4.4,"5,363",-6
134,"Syrian Arab Republic",0.533,49,41.6,12.4,29.5,40.5,13.5,72.7,0.420338983050847,3,134,0.594,69.6,12.3,6.3,"2,728",21
134,"Vanuatu",NA,86,44.8,0,NA,NA,61.5,80,NA,NA,134,0.594,71.9,10.6,6.8,"2,803",19
136,"Congo",0.593,410,126.7,11.5,39.7,47,68.5,73,0.289672544080604,0.686131386861314,136,0.591,62.3,11.1,6.1,"6,012",-14
137,"Kiribati",NA,130,16.6,8.7,NA,NA,NA,NA,NA,NA,137,0.59,66,12.3,7.8,"2,434",21
138,"Equatorial Guinea",NA,290,112.6,19.7,NA,NA,80.7,92.2,NA,NA,138,0.587,57.6,9,5.5,"21,056",-84
139,"Zambia",0.587,280,125.4,12.7,25.8,44,73.1,85.6,0.492248062015504,0.601915184678523,139,0.586,60.1,13.5,6.6,"3,734",2
140,"Ghana",0.554,380,58.4,10.9,45.2,64.7,67.3,71.4,0.241150442477876,0.961367013372957,140,0.579,61.4,11.5,7,"3,852",-1
141,"Lao People's Democratic Republic",NA,NA,65,25,22.9,37,76.3,79.1,1.09170305676856,0.484927916120577,141,0.575,66.2,10.6,5,"4,680",-6
142,"Bangladesh",0.503,170,80.6,20,34.1,41.3,57.4,84.1,0.586510263929619,0.719512195121951,142,0.57,71.6,10,5.1,"3,191",5
143,"Cambodia",0.477,170,44.3,19,9.9,22.9,78.8,86.5,1.91919191919192,0.290609137055838,143,0.555,68.4,10.9,4.4,"2,949",7
143,"Sao Tome and Principe",NA,210,65.1,18.2,NA,NA,45.3,77.8,NA,NA,143,0.555,66.5,11.3,4.7,"2,918",8
145,"Kenya",0.552,400,93.6,20.8,25.3,31.4,62.2,72.4,0.822134387351779,0.504823151125402,145,0.548,61.6,11,6.3,"2,762",9
145,"Nepal",0.489,190,73.7,29.5,17.7,38.2,79.9,87.1,1.66666666666667,0.478097622027534,145,0.548,69.6,12.4,3.3,"2,311",16
147,"Pakistan",0.536,170,27.3,19.7,19.3,46.1,24.6,82.9,1.02072538860104,1.8739837398374,147,0.538,66.2,7.8,4.7,"4,866",-14
148,"Myanmar",0.413,200,12.1,4.7,22.9,15.3,75.2,82.3,0.205240174672489,0.203457446808511,148,0.536,65.9,8.6,4.1,"4,608",-12
149,"Angola",NA,460,170.2,36.8,NA,NA,63.3,76.9,NA,NA,149,0.532,52.3,11.4,4.7,"6,822",-30
150,"Swaziland",0.557,310,72,14.7,21.9,26,43.9,71.6,0.671232876712329,0.592255125284738,150,0.531,49,11.3,7.1,"5,542",-25
151,"Tanzania (United Republic of)",0.547,410,122.7,36,5.6,9.5,88.1,90.2,6.42857142857143,0.10783200908059,151,0.521,65,9.2,5.1,"2,411",8
152,"Nigeria",NA,560,119.6,6.6,NA,NA,48.2,63.7,NA,NA,152,0.514,52.8,9,5.9,"5,341",-24
153,"Cameroon",0.587,590,115.8,27.1,21.3,34.9,63.8,76.8,1.27230046948357,0.547021943573668,153,0.512,55.5,10.4,6,"2,803",-1
154,"Madagascar",NA,440,122.8,20.5,NA,NA,86.6,90.5,NA,NA,154,0.51,65.1,10.3,6,"1,328",24
155,"Zimbabwe",0.504,470,60.3,35.1,48.7,62,83.2,89.7,0.720739219712526,0.745192307692308,155,0.509,57.5,10.9,7.3,"1,615",13
156,"Mauritania",0.61,320,73.3,22.2,8.3,20.9,28.7,79.1,2.67469879518072,0.728222996515679,156,0.506,63.1,8.5,3.8,"3,560",-14
156,"Solomon Islands",NA,130,64.9,2,NA,NA,53.4,79,NA,NA,156,0.506,67.9,9.2,5,"1,540",16
158,"Papua New Guinea",0.611,220,62.1,2.7,7.6,14.5,70.5,74,0.355263157894737,0.205673758865248,158,0.505,62.6,9.9,4,"2,463",-1
159,"Comoros",NA,350,51.1,3,NA,NA,35.2,80.1,NA,NA,159,0.503,63.3,11.5,4.6,"1,456",16
160,"Yemen",0.744,270,47,0.7,8.6,26.7,25.4,72.2,0.0813953488372093,1.0511811023622,160,0.498,63.8,9.2,2.6,"3,519",-17
161,"Lesotho",0.541,490,89.4,26.8,21.9,19,59,73.5,1.22374429223744,0.322033898305085,161,0.497,49.8,11.1,5.9,"3,306",-16
162,"Togo",0.588,450,91.5,17.6,16.1,40.3,80.6,81.3,1.09316770186335,0.5,162,0.484,59.7,12.2,4.5,"1,228",17
163,"Haiti",0.603,380,42,3.5,22.4,35.2,60.9,71,0.15625,0.57799671592775,163,0.483,62.8,8.7,4.9,"1,669",4
163,"Rwanda",0.4,320,33.6,57.5,8,8.8,86.4,85.3,7.1875,0.101851851851852,163,0.483,64.2,10.3,3.7,"1,458",11
163,"Uganda",0.538,360,126.6,35,22.9,33.5,75.8,79.2,1.52838427947598,0.441952506596306,163,0.483,58.5,9.8,5.4,"1,613",6
166,"Benin",0.614,340,90.2,8.4,11.3,27,67.6,78.3,0.743362831858407,0.399408284023669,166,0.48,59.6,11.1,3.3,"1,767",0
167,"Sudan",0.591,360,84,23.8,12.1,18.2,31.3,76,1.96694214876033,0.5814696485623,167,0.479,63.5,7,3.1,"3,809",-27
168,"Djibouti",NA,230,18.6,12.7,NA,NA,36.3,67.7,NA,NA,168,0.47,62,6.4,3.8,"3,276",-22
169,"South Sudan",NA,730,75.3,24.3,NA,NA,NA,NA,NA,NA,169,0.467,55.7,7.6,5.4,"2,332",-9
170,"Senegal",0.528,320,94.4,42.7,7.2,15.4,66,88,5.93055555555556,0.233333333333333,170,0.466,66.5,7.9,2.5,"2,188",-8
171,"Afghanistan",0.693,400,86.8,27.6,5.9,29.8,15.8,79.5,4.67796610169492,1.88607594936709,171,0.465,60.4,9.3,3.2,"1,885",-7
172,"CÃ´te d'Ivoire",0.679,720,130.3,9.2,14,30.1,52.4,81.4,0.657142857142857,0.574427480916031,172,0.462,51.5,8.9,4.3,"3,171",-24
173,"Malawi",0.611,510,144.8,16.7,11.1,21.6,84.6,81.5,1.5045045045045,0.25531914893617,173,0.445,62.8,10.8,4.3,"747",13
174,"Ethiopia",0.558,420,78.4,25.5,7.8,18.2,78.2,89.3,3.26923076923077,0.232736572890026,174,0.442,64.1,8.5,2.4,"1,428",2
175,"Gambia",0.622,430,115.8,9.4,17.4,31.5,72.2,82.9,0.540229885057471,0.436288088642659,175,0.441,60.2,8.8,2.8,"1,507",-2
176,"Congo (Democratic Republic of the)",0.673,730,135.3,8.2,12.8,32.4,70.7,73.2,0.640625,0.458274398868458,176,0.433,58.7,9.8,6,"680",11
177,"Liberia",0.651,640,117.4,10.7,15.4,39.3,58.2,64.8,0.694805194805195,0.675257731958763,177,0.43,60.9,9.5,4.1,"805",7
178,"Guinea-Bissau",NA,560,99.3,13.7,NA,NA,68.2,78.5,NA,NA,178,0.42,55.2,9,2.8,"1,362",-1
179,"Mali",0.677,550,175.6,9.5,7.7,15.1,50.8,81.4,1.23376623376623,0.297244094488189,179,0.419,58,8.4,2,"1,583",-8
180,"Mozambique",0.591,480,137.8,39.6,1.4,6.2,85.5,82.8,28.2857142857143,0.0725146198830409,180,0.416,55.1,9.3,3.2,"1,123",1
181,"Sierra Leone",0.65,1100,100.7,12.4,10,21.7,65.7,69,1.24,0.330289193302892,181,0.413,50.9,8.6,3.1,"1,780",-16
182,"Guinea",NA,650,131,21.9,NA,NA,65.6,78.3,NA,NA,182,0.411,58.8,8.7,2.4,"1,096",0
183,"Burkina Faso",0.631,400,115.4,13.3,0.9,3.2,77.1,90,14.7777777777778,0.0415045395590143,183,0.402,58.7,7.8,1.4,"1,591",-13
184,"Burundi",0.492,740,30.3,34.9,5.3,8.3,83.3,82,6.58490566037736,0.099639855942377,184,0.4,56.7,10.1,2.7,"758",1
185,"Chad",0.706,980,152,14.9,1.7,9.9,64,79.2,8.76470588235294,0.1546875,185,0.392,51.6,7.4,1.9,"2,085",-22
186,"Eritrea",NA,380,65.3,22,NA,NA,80,89.8,NA,NA,186,0.391,63.7,4.1,3.9,"1,130",-6
187,"Central African Republic",0.655,880,98.3,12.5,10.1,26.7,72.6,85.1,1.23762376237624,0.367768595041322,187,0.35,50.7,7.2,4.2,"581",1
188,"Niger",0.713,630,204.8,13.3,2.4,7.8,40,89.7,5.54166666666667,0.195,188,0.348,61.4,5.4,1.5,"908",-5
NA,"Arab States",0.537,155,45.4,14,34.7,47.6,23.2,75.3,0.403458213256484,2.05172413793103,NA,0.686,70.6,12,6.4,"15,722",NA
NA,"East Asia and the Pacific",0.328,72,21.2,18.7,54.7,66.3,62.6,79.4,0.341864716636197,1.0591054313099,NA,0.71,74,12.7,7.5,"11,449",NA
NA,"Europe and Central Asia",0.3,28,30.8,19,70.8,80.6,45.6,70,0.268361581920904,1.76754385964912,NA,0.748,72.3,13.6,10,"12,791",NA
NA,"Latin America and the Caribbean",0.415,85,68.3,27,54.3,55.2,53.7,79.8,0.497237569060773,1.02793296089385,NA,0.748,75,14,8.2,"14,242",NA
NA,"South Asia",0.536,183,38.7,17.5,29.1,54.6,29.8,80.3,0.601374570446735,1.83221476510067,NA,0.607,68.4,11.2,5.5,"5,605",NA
NA,"Sub-Saharan Africa",0.575,506,109.7,22.5,22.1,31.5,65.4,76.6,1.01809954751131,0.481651376146789,NA,0.518,58.5,9.6,5.2,"3,363",NA
NA,"World",0.449,210,47.4,21.8,54.5,65.4,50.3,76.7,0.4,1.30019880715706,NA,0.711,71.5,12.2,7.9,"14,301",NA
